{
	"format_version": "1.12.0",
	"minecraft:geometry": [
		{
			"description": {
				"identifier": "geometry.windowbox",
				"texture_width": 160,
				"texture_height": 160,
				"visible_bounds_width": 2,
				"visible_bounds_height": 2.5,
				"visible_bounds_offset": [0, 0.75, 0]
			},
			"bones": [
				{
					"name": "Basket",
					"pivot": [-8, 8, 8],
					"cubes": [
						{
							"origin": [-6.09512, 10.88548, -8],
							"size": [12.1, 4.1, 1.1],
							"uv": {
								"north": {"uv": [80.125, 0.125], "uv_size": [60.375, 20.375]},
								"east": {"uv": [80.125, 0.125], "uv_size": [5.375, 20.375]},
								"south": {"uv": [80.125, 0.125], "uv_size": [60.375, 20.375]},
								"west": {"uv": [80.125, 0.125], "uv_size": [5.375, 20.375]},
								"up": {"uv": [140.5, 5.5], "uv_size": [-60.375, -5.375]},
								"down": {"uv": [140.5, 5.5], "uv_size": [-60.375, -5.375]}
							}
						},
						{
							"origin": [-7.09512, 13.88548, -2.01824],
							"size": [14.1, 1.1, 1.1],
							"uv": {
								"north": {"uv": [80.125, 0.125], "uv_size": [70.375, 5.375]},
								"east": {"uv": [80.125, 0.125], "uv_size": [5.375, 5.375]},
								"south": {"uv": [80.125, 0.125], "uv_size": [70.375, 5.375]},
								"west": {"uv": [80.125, 0.125], "uv_size": [5.375, 5.375]},
								"up": {"uv": [150.5, 5.5], "uv_size": [-70.375, -5.375]},
								"down": {"uv": [150.5, 5.5], "uv_size": [-70.375, -5.375]}
							}
						},
						{
							"origin": [-5.99486, 8.5598, -7.23801],
							"size": [12, 3.9, 0.8],
							"pivot": [0, 0, 0],
							"rotation": [-22.5, 0, 0],
							"uv": {
								"north": {"uv": [80.125, 120.125], "uv_size": [74.75, 14.375]},
								"east": {"uv": [80.125, 120.125], "uv_size": [74.75, 14.375]},
								"south": {"uv": [80.125, 120.125], "uv_size": [74.75, 14.375]},
								"west": {"uv": [80.125, 120.125], "uv_size": [74.75, 14.375]},
								"up": {"uv": [154.875, 134.5], "uv_size": [-74.75, -14.375]},
								"down": {"uv": [154.875, 134.5], "uv_size": [-74.75, -14.375]}
							}
						},
						{
							"origin": [-7.09496, 8.45521, -7.25359],
							"size": [1.1, 4, 1.1],
							"pivot": [0, 0, 0],
							"rotation": [-22.5, 0, 0],
							"uv": {
								"north": {"uv": [80.125, 0.125], "uv_size": [5.375, 19.75]},
								"east": {"uv": [80.125, 0.125], "uv_size": [5.375, 19.75]},
								"south": {"uv": [80.125, 0.125], "uv_size": [5.375, 19.75]},
								"west": {"uv": [80.125, 0.125], "uv_size": [5.375, 19.75]},
								"up": {"uv": [85.5, 5.5], "uv_size": [-5.375, -5.375]},
								"down": {"uv": [85.5, 5.5], "uv_size": [-5.375, -5.375]}
							}
						},
						{
							"origin": [5.90504, 8.45521, -7.25359],
							"size": [1.1, 4, 1.1],
							"pivot": [0, 0, 0],
							"rotation": [-22.5, 0, 0],
							"uv": {
								"north": {"uv": [80.125, 0.125], "uv_size": [5.375, 19.75]},
								"east": {"uv": [80.125, 0.125], "uv_size": [5.375, 19.75]},
								"south": {"uv": [80.125, 0.125], "uv_size": [5.375, 19.75]},
								"west": {"uv": [80.125, 0.125], "uv_size": [5.375, 19.75]},
								"up": {"uv": [85.5, 5.5], "uv_size": [-5.375, -5.375]},
								"down": {"uv": [85.5, 5.5], "uv_size": [-5.375, -5.375]}
							}
						},
						{
							"origin": [-7.09512, 13.88548, -8],
							"size": [1.1, 1.1, 6.1],
							"uv": {
								"north": {"uv": [80.125, 0.125], "uv_size": [5.375, 5.375]},
								"east": {"uv": [80.125, 0.125], "uv_size": [30.375, 5.375]},
								"south": {"uv": [80.125, 0.125], "uv_size": [5.375, 5.375]},
								"west": {"uv": [80.125, 0.125], "uv_size": [30.375, 5.375]},
								"up": {"uv": [85.5, 30.5], "uv_size": [-5.375, -30.375]},
								"down": {"uv": [85.5, 30.5], "uv_size": [-5.375, -30.375]}
							}
						},
						{
							"origin": [5.90488, 13.88548, -8],
							"size": [1.1, 1.1, 6.1],
							"uv": {
								"north": {"uv": [80.125, 0.125], "uv_size": [5.375, 5.375]},
								"east": {"uv": [80.125, 0.125], "uv_size": [30.375, 5.375]},
								"south": {"uv": [80.125, 0.125], "uv_size": [5.375, 5.375]},
								"west": {"uv": [80.125, 0.125], "uv_size": [30.375, 5.375]},
								"up": {"uv": [85.5, 30.5], "uv_size": [-5.375, -30.375]},
								"down": {"uv": [85.5, 30.5], "uv_size": [-5.375, -30.375]}
							}
						},
						{
							"origin": [-7.09525, 10.19067, -8],
							"size": [1.1, 1.1, 5.6],
							"uv": {
								"north": {"uv": [80.125, 0.125], "uv_size": [5.375, 5.375]},
								"east": {"uv": [80.125, 0.125], "uv_size": [27.875, 5.375]},
								"south": {"uv": [80.125, 0.125], "uv_size": [5.375, 5.375]},
								"west": {"uv": [80.125, 0.125], "uv_size": [27.875, 5.375]},
								"up": {"uv": [85.5, 28], "uv_size": [-5.375, -27.875]},
								"down": {"uv": [85.5, 28], "uv_size": [-5.375, -27.875]}
							}
						},
						{
							"origin": [5.90475, 10.19067, -8],
							"size": [1.1, 1.1, 5.6],
							"uv": {
								"north": {"uv": [80.125, 0.125], "uv_size": [5.375, 5.375]},
								"east": {"uv": [80.125, 0.125], "uv_size": [27.875, 5.375]},
								"south": {"uv": [80.125, 0.125], "uv_size": [5.375, 5.375]},
								"west": {"uv": [80.125, 0.125], "uv_size": [27.875, 5.375]},
								"up": {"uv": [85.5, 28], "uv_size": [-5.375, -27.875]},
								"down": {"uv": [85.5, 28], "uv_size": [-5.375, -27.875]}
							}
						},
						{
							"origin": [-5.99698, 10.50272, -8],
							"size": [12, 0.7, 5.3],
							"uv": {
								"north": {"uv": [80.125, 0.125], "uv_size": [60.375, 4.835]},
								"east": {"uv": [80.125, 80.125], "uv_size": [59.75, 26.375]},
								"south": {"uv": [80.125, 80.125], "uv_size": [59.75, 26.375]},
								"west": {"uv": [80.125, 80.125], "uv_size": [59.75, 26.375]},
								"up": {"uv": [139.875, 106.5], "uv_size": [-59.75, -26.375]},
								"down": {"uv": [154.875, 134.875], "uv_size": [-74.75, -14.75]}
							}
						},
						{
							"origin": [5.90495, 11.16497, -8],
							"size": [0.8, 2.8, 5.9],
							"uv": {
								"north": {"uv": [80.125, 120.125], "uv_size": [34.375, 13.87]},
								"east": {"uv": [80.125, 120.125], "uv_size": [34.375, 13.87]},
								"south": {"uv": [80.125, 120.125], "uv_size": [34.375, 13.87]},
								"west": {"uv": [80.125, 120.125], "uv_size": [34.375, 13.87]},
								"up": {"uv": [114.5, 133.995], "uv_size": [-34.375, -13.87]},
								"down": {"uv": [114.5, 133.995], "uv_size": [-34.375, -13.87]}
							}
						},
						{
							"origin": [-6.79525, 11.19067, -8],
							"size": [0.8, 2.8, 5.9],
							"uv": {
								"north": {"uv": [80.04, 0.04], "uv_size": [4.92, 14.92]},
								"east": {"uv": [80.125, 120.125], "uv_size": [34.375, 13.87]},
								"south": {"uv": [80.125, 120.125], "uv_size": [34.375, 13.87]},
								"west": {"uv": [80.125, 120.125], "uv_size": [34.375, 13.87]},
								"up": {"uv": [114.5, 133.995], "uv_size": [-34.375, -13.87]},
								"down": {"uv": [114.5, 133.995], "uv_size": [-34.375, -13.87]}
							}
						},
						{
							"origin": [-6.10002, 8.45854, -7.24448],
							"size": [12.1, 1.1, 1.1],
							"pivot": [0, 0, 0],
							"rotation": [-22.5, 0, 0],
							"uv": {
								"north": {"uv": [80.125, 0.125], "uv_size": [60.375, 5.375]},
								"east": {"uv": [80.125, 0.125], "uv_size": [5.375, 5.375]},
								"south": {"uv": [80.125, 0.125], "uv_size": [60.375, 5.375]},
								"west": {"uv": [80.125, 0.125], "uv_size": [5.375, 5.375]},
								"up": {"uv": [140.5, 5.5], "uv_size": [-60.375, -5.375]},
								"down": {"uv": [140.5, 5.5], "uv_size": [-60.375, -5.375]}
							}
						},
						{
							"origin": [-7.09298, 11.29119, -8],
							"size": [1, 3.1, 1],
							"uv": {
								"north": {"uv": [80.125, 0.125], "uv_size": [4.75, 15.375]},
								"east": {"uv": [80.125, 0.125], "uv_size": [4.75, 15.375]},
								"south": {"uv": [80.125, 0.125], "uv_size": [4.75, 15.375]},
								"west": {"uv": [80.125, 0.125], "uv_size": [4.75, 15.375]},
								"up": {"uv": [84.875, 15.5], "uv_size": [-4.75, -15.375]},
								"down": {"uv": [84.875, 15.5],