{
	"format_version": "1.12.0",
	"minecraft:geometry": [
		{
			"description": {
				"identifier": "geometry.stumpmossy",
				"texture_width": 48,
				"texture_height": 32,
				"visible_bounds_width": 4,
				"visible_bounds_height": 2.5,
				"visible_bounds_offset": [0, 0.75, 0]
			},
			"bones": [
				{
					"name": "Stump",
					"pivot": [-8, 8, 8],
					"cubes": [
						{
							"origin": [-8, 0, -9.6],
							"size": [16, 19.2, 1.6],
							"uv": {
								"north": {"uv": [1.00005, 0.00005], "uv_size": [13.9999, 15.9999]},
								"east": {"uv": [15.00005, 0.00005], "uv_size": [0.9999, 15.9999]},
								"south": {"uv": [0.00005, 0.00005], "uv_size": [9.9999, 11.9999]},
								"west": {"uv": [0.00005, 0.00005], "uv_size": [0.9999, 15.9999]},
								"up": {"uv": [30.99995, 0.99995], "uv_size": [-13.9999, -0.9999]},
								"down": {"uv": [31.99995, 14.99995], "uv_size": [-0.9999, -13.9999]}
							}
						},
						{
							"origin": [8, 0, -8],
							"size": [1.6, 19.2, 16],
							"uv": {
								"north": {"uv": [0.00019, 0.00019], "uv_size": [0.99963, 15.99963]},
								"east": {"uv": [0.00005, 0.00005], "uv_size": [9.9999, 11.9999]},
								"south": {"uv": [0.00005, 0.00005], "uv_size": [0.9999, 15.9999]},
								"west": {"uv": [1.00005, 0.00005], "uv_size": [13.9999, 15.9999]},
								"up": {"uv": [31.99995, 14.99995], "uv_size": [-0.9999, -13.9999]},
								"down": {"uv": [31.99995, 14.99995], "uv_size": [-0.9999, -13.9999]}
							}
						},
						{
							"origin": [-8, 0, 8],
							"size": [16, 19.2, 1.6],
							"uv": {
								"north": {"uv": [0.00005, 0.00005], "uv_size": [9.9999, 11.9999]},
								"east": {"uv": [0.00005, 0.00005], "uv_size": [0.9999, 15.9999]},
								"south": {"uv": [1.00005, 0.00005], "uv_size": [13.9999, 15.9999]},
								"west": {"uv": [0.00019, 0.00019], "uv_size": [0.99963, 15.99963]},
								"up": {"uv": [30.99995, 15.99995], "uv_size": [-13.9999, -0.9999]},
								"down": {"uv": [31.99995, 14.99995], "uv_size": [-0.9999, -13.9999]}
							}
						},
						{
							"origin": [-9.6, 0, -8],
							"size": [1.6, 19.2, 16],
							"uv": {
								"north": {"uv": [0.00005, 0.00005], "uv_size": [0.9999, 15.9999]},
								"east": {"uv": [1.00005, 0.00005], "uv_size": [13.9999, 15.9999]},
								"south": {"uv": [15.00005, 0.00005], "uv_size": [0.9999, 15.9999]},
								"west": {"uv": [0.00005, 0.00005], "uv_size": [9.9999, 11.9999]},
								"up": {"uv": [16.99995, 14.99995], "uv_size": [-0.9999, -13.9999]},
								"down": {"uv": [31.99995, 14.99995], "uv_size": [-0.9999, -13.9999]}
							}
						},
						{
							"origin": [-8, 0, -8],
							"size": [16, 19.2, 16],
							"uv": {
								"north": {"uv": [0.00005, 0.00005], "uv_size": [15.9999, 15.9999]},
								"east": {"uv": [1.00005, 0.00005], "uv_size": [13.9999, 15.9999]},
								"south": {"uv": [0.00005, 0.00005], "uv_size": [15.9999, 15.9999]},
								"west": {"uv": [1.00005, 0.00005], "uv_size": [13.9999, 15.9999]},
								"up": {"uv": [30.99995, 14.99995], "uv_size": [-13.9999, -13.9999]},
								"down": {"uv": [31.99995, 14.99995], "uv_size": [-15.9999, -13.9999]}
							}
						}
					]
				},
				{
					"name": "oak_log_2",
					"pivot": [-8, 8, 8],
					"cubes": [
						{
							"origin": [-4.8, 0.62132, 12.97929],
							"size": [4.8, 4.8, 11.2],
							"pivot": [0, 0, 0],
							"rotation": [0, -90, 45],
							"uv": {
								"north": {"uv": [6.00005, 7.00005], "uv_size": [2.9999, 7.9999]},
								"east": {"uv": [46, 28], "uv_size": [-8, 3]},
								"south": {"uv": [21.00019, 5.00019], "uv_size": [5.99963, 5.99963]},
								"west": {"uv": [40, 20], "uv_size": [-8, -3]},
								"up": {"uv": [9, 15], "uv_size": [-3, -8]},
								"down": {"uv": [15, 1], "uv_size": [-3, 8]}
							}
						}
					]
				},
				{
					"name": "Roots",
					"pivot": [-8, 8, 8]
				},
				{
					"name": "group",
					"parent": "Roots",
					"pivot": [-8, 8, 8],
					"cubes": [
						{
							"origin": [-18.4, 0, -1.2],
							"size": [6.4, 3.1375, 5],
							"uv": {
								"north": {"uv": [1.00005, 1.00005], "uv_size": [3.9999, 1.9999]},
								"east": {"uv": [1.00005, 2.00005], "uv_size": [3.12495, 1.9999]},
								"south": {"uv": [1.00005, 0.00005], "uv_size": [3.9999, 1.9999]},
								"west": {"uv": [2.00005, 3.00005], "uv_size": [3.12495, 1.9999]},
								"up": {"uv": [2.00005, 1.00005], "uv_size": [3.12495, 3.9999]},
								"down": {"uv": [3.00005, 4.00005], "uv_size": [3.12495, 3.9999]}
							}
						},
						{
							"origin": [-16, 0, 1.6],
							"size": [6.4, 4.675, 6.6],
							"uv": {
								"north": {"uv": [1.00005, 2.00005], "uv_size": [3.9999, 2.9999]},
								"east": {"uv": [8.00005, 1.00005], "uv_size": [4.12495, 2.9999]},
								"south": {"uv": [2.00005, 3.00005], "uv_size": [3.9999, 2.9999]},
								"west": {"uv": [1.00005, 1.00005], "uv_size": [4.12495, 2.9999]},
								"up": {"uv": [2.00005, 1.00005], "uv_size": [3.9999, 4.12495]},
								"down": {"uv": [3.00005, 4.00005], "uv_size": [3.9999, 4.12495]}
							}
						},
						{
							"origin": [-12.8, 0, 4.8],
							"size": [6.4, 7.9375, 6.4],
							"uv": {
								"north": {"uv": [1.00005, 2.00005], "uv_size": [3.9999, 4.9999]},
								"east": {"uv": [10.00005, 8.00005], "uv_size": [3.9999, 4.9999]},
								"south": {"uv": [11.00005, 10.00005], "uv_size": [3.9999, 4.9999]},
								"west": {"uv": [1.00005, 1.00005], "uv_size": [3.9999, 4.9999]},
								"up": {"uv": [2.00005, 1.00005], "uv_size": [3.9999, 3.9999]},
								"down": {"uv": [3.00005, 4.00005], "uv_size": [3.9999, 3.9999]}
							}
						},
						{
							"origin": [-9.6, 0, 8],
							"size": [6.4, 4.8625, 6.4],
							"uv": {
								"north": {"uv": [1.00005, 2.00005], "uv_size": [3.9999, 2.9999]},
								"east": {"uv": [1.00005, 0.00005], "uv_size": [3.9999, 2.9999]},
								"south": {"uv": [9.00005, 0.00005], "uv_size": [3.9999, 2.9999]},
								"west": {"uv": [1.00005, 1.00005], "uv_size": [3.9999, 2.9999]},
								"up": {"uv": [2.00005, 1.00005], "uv_size": [3.9999, 3.9999]},
								"down": {"uv": [3.00005, 4.00005], "uv_size": [3.9999, 3.9999]}
							}
						},
						{
							"origin": [-11.2, 0, 12.8],
							"size": [4.8, 3.1375, 6.4],
							"uv": {
								"north": {"uv": [1.00005, 2.00005], "uv_size": [2.9999, 1.9999]},
								"east": {"uv": [4.00005, 6.00005], "uv_size": [3.9999, 1.9999]},
								"south": {"uv": [1.00005, 2.00005], "uv_size": [2.9999, 1.9999]},
								"west": {"uv": [1.00005, 1.00005], "uv_size": [3.9999, 1.9999]},
								"up": {"uv": [2.00005, 1.00005], "uv_size": [2.9999, 3.9999]},
								"down": {"uv": [3.00005, 4.00005], "uv_size": [2.9999, 3.9999]}
							}
						}
					]
				},
				{
					"name": "group2",
					"parent": "Roots",
					"pivot": [-8, 8, 8],
					"cubes": [
						{
							"origin": [11.2, 0, 8],
							"size": [6.4, 4.6125, 6.4],
							"uv": {
								"north": {"uv": [11.00005, 0.00005], "uv_size": [3.9999, 2.9999]},
								"east": {"uv": [1.00005, 1.00005], "uv_size": [3.9999, 2.9999]},
								"south": {"uv": [3.00005, 10.00005], "uv_size": [3.9999, 2.9999]},
								"west": {"uv": [10.00005, 3.00005], "uv_size": [3.9999, 2.9999]},
								"up": {"uv": [5.99995, 4.99995], "uv_size": [-3.9999, -3.9999]},
								"down": {"uv": [6.99995, 7.99995], "uv_size": [-3.9999, -3.9999]}
							}
						},
						{
							"origin": [4.8, 0, 4.8],
							"size": [6.4, 14.3375, 6.4],
							"uv": {
								"north": {"uv": [11.00005, 1.00005], "uv_size": [3.9999, 8.9999]},
								"east": {"uv": [1.00005, 1.00005], "uv_size": [3.9999, 8.9999]},
								"south": {"uv": [1.00005, 2.00005], "uv_size": [3.9999, 8.9999]},
								"west": {"uv": [0.00005, 4.00005], "uv_size": [3.9999, 8.9999]},
								"up": {"uv": [5.99995, 4.99995], "uv_size": [-3.9999, -3.9999]},
								"down": {"uv": [6.99995, 7.99995], "uv_size": [-3.9999, -3.9999]}
							}
						},
						{
							"origin": [4.6, 0, 4.8],
							"size": [6.8, 14.475, 6.6],